,Age,Income (EURO)
0,28.0,1666.3889351774703
1,33.0,750.0
2,32.0,
3,30.0,1423.6793867688718
4,39.0,1374.770871521413
5,39.0,1666.3889351774703
6,44.0,2374.6042326278953
7,58.0,749.8750208298617
8,34.0,1249.7917013831027
9,42.0,3124.479253457757
10,33.0,2499.5834027662054
11,43.0,
12,35.0,3749.3751041493083
13,47.0,1708.0486585569072
14,25.0,2291.2847858690216
15,35.0,
16,40.0,1208.131978003666
17,42.0,900.0
18,59.0,1749.7083819363438
19,48.0,3207.7987002166306
20,,1978.836860523246
21,48.0,2624.562572904516
22,35.0,
23,48.0,624.8958506915513
24,38.0,1083.1528078653557
25,28.0,1145.6423929345108
26,47.0,1874.6875520746541
27,53.0,2082.9861689718377
28,67.0,41.659723379436755
29,63.0,1900.0
30,62.0,4165.9723379436755
31,55.0,3749.3751041493083
32,44.0,2416.263956007332
33,44.0,1249.7917013831027
34,36.0,1874.6875520746541
35,28.0,41.659723379436755
36,24.0,999.8333611064822
37,31.0,999.8333611064822
38,34.0,1249.7917013831027
39,41.0,1458.0903182802865
40,28.0,833.1944675887352
41,33.0,1012.3312781203132
42,35.0,1983.0028328611897
43,41.0,3332.7778703549407
44,44.0,1874.6875520746541
45,29.0,1958.0069988335276
46,37.0,208.2986168971838
47,26.0,458.2569571738043
48,38.0,2082.9861689718377
49,29.0,16205.6323946009
50,33.0,1249.7917013831027
51,30.0,1916.3472754540908
52,32.0,541.5764039326779
53,47.0,15000.0
54,35.0,3950.0
55,51.0,3500.0
56,34.0,3100.0
57,34.0,3100.0
58,29.0,4000.0
59,41.0,3800.0
60,56.0,1200.0
61,45.0,29496.0
62,36.0,
63,32.0,
64,26.0,3300.0
65,36.0,5000.0
66,29.0,5000.0
67,26.0,1100.0
68,31.0,2050.0
69,38.0,
70,30.0,2800.0
71,48.0,
72,56.0,
73,49.0,3000.0
74,22.0,
75,31.0,4728.78
76,55.0,600.0
77,34.0,3500.0
78,30.0,1970.0
79,31.0,3500.0
80,77.0,250.0
81,32.0,4772.0
82,33.0,
83,53.0,6000.0
84,39.0,4300.0
85,34.0,3000.0
86,51.0,5000.0
87,60.0,
88,38.0,4300.0
89,30.0,2600.0
90,47.0,
91,32.0,33000.0
92,28.0,
93,32.0,4700.0
94,55.0,4000.0
95,39.0,2700.0
96,45.0,6800.0
97,28.0,3700.0
98,25.0,2099.0
99,26.0,34412.0
100,27.0,2400.0
101,27.0,3800.0
102,36.0,5000.0
103,38.0,2800.0
104,42.0,4000.0
105,30.0,2200.0
106,35.0,4770.0
107,35.0,3000.0
108,43.0,
109,29.0,2700.0
110,34.0,3000.0
111,25.0,800.0
112,36.0,3500.0
113,30.0,2672.3
114,30.0,2000.0
115,67.0,
116,39.0,3500.0
117,58.0,9300.0
118,55.0,2700.0
119,30.0,5000.0
120,44.0,4400.0
121,28.0,2875.0
122,35.0,33000.0
123,27.0,
124,30.0,3885.2
125,28.0,2500.0
126,44.0,
127,51.0,3500.0
128,30.0,4352.0
129,35.0,
130,27.0,2050.0
131,35.0,5000.0
132,31.0,2700.0
133,32.0,2762.0
134,28.0,3400.0
135,32.0,5000.0
136,45.0,4200.0
137,54.0,3800.0
138,36.0,4600.0
139,34.0,4351.0
478,36.0,22912.847858690217
479,32.0,1874.6875520746541
480,41.0,
481,35.0,4165.9723379436755
482,37.0,1478.920179970005
483,77.0,1458.0903182802865
484,70.0,2082.9861689718377
485,55.0,2916.180636560573
486,34.0,1999.6667222129645
487,50.0,1583.0694884185968
488,67.0,2499.5834027662054
489,43.0,1458.0903182802865
490,45.0,2291.2847858690216
491,55.0,1041.4930844859189
492,50.0,1249.7917013831027
493,32.0,2499.5834027662054
494,37.0,1666.3889351774703
495,36.0,1624.7292117980335
496,44.0,1499.7500416597234
497,41.0,1499.7500416597234
498,57.0,2291.2847858690216
499,47.0,2314.405932344609
500,48.0,1916.3472754540908
501,45.0,1249.7917013831027
502,51.0,2707.882019663389
503,46.0,2374.6042326278953
504,36.0,1249.7917013831027
505,37.0,1249.7917013831027
506,56.0,1874.6875520746541
507,45.0,3541.0764872521245
508,41.0,833.1944675887352
509,45.0,166.63889351774702
510,66.0,3561.9063489418427
511,50.0,1749.7083819363438
512,52.0,2499.5834027662054
513,49.0,1249.7917013831027
514,45.0,1249.7917013831027
515,59.0,1583.0694884185968
516,49.0,1333.1111481419762
517,44.0,1666.3889351774703
518,60.0,2916.180636560573
519,37.0,66.65555740709881
520,49.0,1874.6875520746541
521,61.0,1749.7083819363438
522,31.0,1249.7917013831027
523,52.0,2916.180636560573
524,46.0,1874.6875520746541
525,44.0,654.0576570571571
526,38.0,499.9166805532411
527,40.0,1262.2896183969337
528,38.0,3124.479253457757
529,40.0,1333.1111481419762
530,74.0,124.97917013831028
531,32.0,833.1944675887352
532,55.0,1874.6875520746541
533,55.0,166.63889351774702
534,46.0,1458.0903182802865
535,47.0,624.8958506915513
536,42.0,1333.1111481419762
537,40.0,1708.0486585569072
538,40.0,1041.4930844859189
539,43.0,2291.2847858690216
540,60.0,1916.3472754540908
541,46.0,2582.902849525079
542,43.0,2082.9861689718377
543,51.0,2499.5834027662054
544,26.0,199.96667222129645
545,61.0,1666.3889351774703
546,38.0,874.8541909681719
547,59.0,1249.7917013831027
548,35.0,1458.0903182802865
549,47.0,1166.4722546242292
550,26.0,708.2152974504249
551,49.0,3749.3751041493083
552,35.0,2707.882019663389
553,37.0,2499.5834027662054
554,42.0,2124.6458923512746
555,61.0,2291.2847858690216
556,47.0,2499.5834027662054
557,60.0,1041.4930844859189
558,65.0,1458.0903182802865
559,46.0,1499.7500416597234
560,66.0,
561,46.0,1874.6875520746541
562,45.0,1874.6875520746541
563,62.0,1499.7500416597234
564,46.0,1249.7917013831027
565,62.0,1249.7917013831027
566,37.0,
567,44.0,
568,44.0,1437.260456590568
569,42.0,1666.3889351774703
570,41.0,1249.7917013831027
571,36.0,1666.3889351774703
572,36.0,1041.4930844859189
573,57.0,2082.9861689718377
574,35.0,666.5555740709881
575,35.0,749.8750208298617
576,52.0,749.8750208298617
577,63.0,2916.180636560573
578,73.0,999.8333611064822
579,43.0,1308.1153141143143
580,43.0,1249.7917013831027
581,38.0,1333.1111481419762
582,37.0,1208.131978003666
583,38.0,1541.40976503916
584,39.0,666.5555740709881
585,29.0,229.12847858690216
586,43.0,1249.7917013831027
587,45.0,1874.6875520746541
588,53.0,839.0268288618563
589,75.0,1458.0903182802865
590,37.0,1458.0903182802865
591,45.0,1458.0903182802865
592,53.0,2499.5834027662054
593,44.0,1666.3889351774703
594,40.0,1666.3889351774703
595,37.0,1458.0903182802865
596,51.0,1249.7917013831027
597,,1041.4930844859189
598,47.0,833.1944675887352
599,59.0,1874.6875520746541
600,46.0,999.8333611064822
601,51.0,1458.0903182802865
602,43.0,666.5555740709881
603,55.0,1666.3889351774703
604,56.0,1374.770871521413
605,53.0,541.5764039326779
606,28.0,374.93751041493084
607,35.0,2291.2847858690216
608,50.0,1374.770871521413
609,31.0,1458.0903182802865
610,36.0,2916.180636560573
611,46.0,1333.1111481419762
612,29.0,624.8958506915513
613,30.0,1374.770871521413
614,31.0,1416.4305949008499
615,23.0,287.4520913181136
616,56.0,2332.9445092484584
617,44.0,1791.3681053157807
618,33.0,1708.0486585569072
619,39.0,1958.0069988335276
620,59.0,1666.3889351774703
621,49.0,1291.4514247625395
622,46.0,1874.6875520746541
623,38.0,1374.770871521413
624,35.0,2082.9861689718377
625,34.0,1374.770871521413
626,25.0,249.95834027662056
627,56.0,2499.5834027662054
628,45.0,3957.673721046492
629,48.0,2082.9861689718377
630,53.0,2916.180636560573
631,31.0,583.2361273121146
632,32.0,1583.0694884185968
633,40.0,249.95834027662056
634,41.0,2416.263956007332
635,52.0,
636,55.0,1874.6875520746541
637,67.0,1041.4930844859189
638,43.0,2124.6458923512746
639,51.0,
640,46.0,874.8541909681719
641,39.0,1441.4264289285118
642,69.0,1249.7917013831027
643,42.0,1499.7500416597234
644,44.0,1458.0903182802865
645,33.0,1228.9618396933843
646,38.0,141.64305949008497
647,42.0,1874.6875520746541
648,47.0,2041.3264455924011
649,52.0,1708.0486585569072
650,42.0,1166.4722546242292
651,41.0,2082.9861689718377
652,75.0,1041.4930844859189
653,36.0,1874.6875520746541
654,45.0,1666.3889351774703
655,60.0,2082.9861689718377
656,32.0,1666.3889351774703
657,59.0,3624.395934010998
658,36.0,1478.920179970005
659,36.0,1833.0278286952173
660,39.0,1749.7083819363438
661,29.0,749.8750208298617
662,41.0,2499.5834027662054
663,38.0,1374.770871521413
664,46.0,1666.3889351774703
665,49.0,1624.7292117980335
666,30.0,1041.4930844859189
667,41.0,1458.0903182802865
668,26.0,1249.7917013831027
669,75.0,1416.4305949008499
670,65.0,2041.3264455924011
671,43.0,1583.0694884185968
672,26.0,499.9166805532411
673,34.0,1416.4305949008499
674,40.0,1874.6875520746541
675,31.0,1666.3889351774703
676,50.0,1249.7917013831027
677,44.0,1499.7500416597234
678,53.0,1416.4305949008499
679,34.0,1458.0903182802865
680,44.0,
681,30.0,1395.6007332111315
682,40.0,2124.6458923512746
683,55.0,
684,44.0,1611.0648225295784
685,42.0,1333.1111481419762
686,29.0,
687,58.0,512.4145975670722
688,40.0,708.2152974504249
689,56.0,374.93751041493084
690,44.0,2332.9445092484584
691,45.0,1333.1111481419762
692,45.0,1666.3889351774703
693,,499.9166805532411
694,46.0,2291.2847858690216
695,34.0,1749.7083819363438
696,40.0,1499.7500416597234
697,29.0,1208.131978003666
698,36.0,
699,35.0,
700,62.0,1458.0903182802865
701,26.0,833.1944675887352
702,26.0,1124.8125312447926
703,36.0,2291.2847858690216
704,30.0,937.3437760373271
705,37.0,1874.6875520746541
706,51.0,1666.3889351774703
707,46.0,1241.4597567072153
708,62.0,666.5555740709881
709,49.0,1249.7917013831027
710,,
711,42.0,595.7340443259457
712,34.0,1541.40976503916
713,57.0,2749.541743042826
714,58.0,1666.3889351774703
715,33.0,2082.9861689718377
716,53.0,
717,26.0,916.5139143476086
718,50.0,2291.2847858690216
719,45.0,2478.753541076487
720,42.0,1583.0694884185968
721,52.0,2499.5834027662054
722,30.0,2082.9861689718377
723,38.0,1333.1111481419762
724,37.0,3332.7778703549407
725,,
726,62.0,2332.9445092484584
727,39.0,1083.1528078653557
728,38.0,2499.5834027662054
729,,1666.3889351774703
730,34.0,3624.395934010998
731,45.0,2499.5834027662054
732,63.0,2332.9445092484584
733,39.0,2916.180636560573
734,58.0,2499.5834027662054
735,53.0,2499.5834027662054
736,38.0,1249.7917013831027
737,34.0,2499.5834027662054
738,30.0,2166.3056157307115
739,54.0,
740,62.0,1999.6667222129645
741,48.0,1666.3889351774703
742,25.0,499.9166805532411
743,45.0,1999.6667222129645
744,60.0,1958.0069988335276
745,46.0,1749.7083819363438
746,32.0,2082.9861689718377
747,33.0,2499.5834027662054
748,54.0,2082.9861689718377
749,39.0,2082.9861689718377
750,48.0,4165.9723379436755
751,43.0,2707.882019663389
752,53.0,2207.9653391101483
753,58.0,3749.3751041493083
754,52.0,3588.9851691384765
755,46.0,
756,50.0,3332.7778703549407
757,40.0,2166.3056157307115
758,42.0,2082.9861689718377
759,54.0,1999.6667222129645
760,54.0,1874.6875520746541
761,44.0,
762,,
763,67.0,3332.7778703549407
764,48.0,1791.3681053157807
765,25.0,1833.0278286952173
766,30.0,2166.3056157307115
767,46.0,1499.7500416597234
768,47.0,2041.3264455924011
769,32.0,1416.4305949008499
770,38.0,1458.0903182802865
771,29.0,916.5139143476086
772,38.0,1833.0278286952173
773,35.0,1458.0903182802865
774,28.0,5832.361273121146
775,27.0,833.1944675887352
776,26.0,1041.4930844859189
777,43.0,1166.4722546242292
778,38.0,1249.7917013831027
779,45.0,1416.4305949008499
780,28.0,2082.9861689718377
781,52.0,2916.180636560573
782,28.0,1249.7917013831027
783,38.0,2707.882019663389
784,27.0,916.5139143476086
785,71.0,1791.3681053157807
786,25.0,708.2152974504249
787,52.0,1874.6875520746541
788,48.0,1749.7083819363438
789,37.0,1999.6667222129645
790,55.0,2082.9861689718377
791,69.0,3124.479253457757
792,37.0,1666.3889351774703
793,56.0,1666.3889351774703
794,41.0,2082.9861689718377
795,60.0,2082.9861689718377
796,40.0,1458.0903182802865
797,46.0,
798,30.0,549.9083486085652
799,30.0,1458.0903182802865
800,41.0,4999.166805532411
801,33.0,1666.3889351774703
802,33.0,2374.6042326278953
803,50.0,3020.329945009165
804,47.0,2082.9861689718377
805,46.0,3541.0764872521245
806,46.0,2603.7327112147973
807,49.0,1416.4305949008499
808,29.0,570.7382102982835
809,45.0,1458.0903182802865
810,26.0,1083.1528078653557
811,77.0,708.2152974504249
812,58.0,2249.625062489585
813,42.0,3332.7778703549407
814,50.0,4874.187635394101
815,41.0,1666.3889351774703
816,39.0,1249.7917013831027
817,28.0,1041.4930844859189
818,45.0,1166.4722546242292
819,40.0,2082.9861689718377
820,68.0,1249.7917013831027
821,39.0,1041.4930844859189
822,44.0,1187.3021163139476
823,44.0,1708.0486585569072
824,28.0,499.9166805532411
825,23.0,249.95834027662056
826,32.0,1666.3889351774703
827,50.0,749.8750208298617
828,59.0,3332.7778703549407
829,34.0,2082.9861689718377
830,43.0,1249.7917013831027
831,63.0,2082.9861689718377
832,28.0,1458.0903182802865
833,37.0,3332.7778703549407
834,31.0,1458.0903182802865
835,39.0,
836,28.0,1374.770871521413
837,40.0,1416.4305949008499
838,42.0,3124.479253457757
839,33.0,
840,46.0,1208.131978003666
841,58.0,1458.0903182802865
842,60.0,
843,34.0,1041.4930844859189
844,43.0,1458.0903182802865
845,53.0,
846,35.0,1964.255957340443
847,31.0,1041.4930844859189
848,64.0,2224.629228461923
849,43.0,2082.9861689718377
850,44.0,1874.6875520746541
851,47.0,1541.40976503916
852,42.0,1458.0903182802865
853,43.0,2499.5834027662054
854,49.0,1666.3889351774703
855,42.0,1666.3889351774703
856,29.0,204.1326445592401
857,54.0,1333.1111481419762
858,34.0,1541.40976503916
859,40.0,1583.0694884185968
860,54.0,1333.1111481419762
861,54.0,2082.9861689718377
862,54.0,2707.882019663389
863,47.0,2082.9861689718377
864,35.0,2499.5834027662054
865,,2916.180636560573
866,59.0,1416.4305949008499
867,33.0,2107.9820029995
868,33.0,1208.131978003666
869,26.0,620.7298783536077
870,35.0,2069.7800366605566
871,39.0,2291.2847858690216
872,,916.5139143476086
873,34.0,1416.4305949008499
874,44.0,1874.6875520746541
875,41.0,1874.6875520746541
876,54.0,1874.6875520746541
877,40.0,2082.9861689718377
878,59.0,2416.263956007332
879,45.0,1499.7500416597234
880,59.0,
881,37.0,3124.479253457757
882,44.0,1666.3889351774703
883,76.0,2207.9653391101483
884,47.0,2499.5834027662054
885,41.0,3124.479253457757
886,32.0,1691.3847692051324
887,38.0,729.0451591401433
888,50.0,
889,43.0,1624.7292117980335
890,42.0,2249.625062489585
891,35.0,2082.9861689718377
892,44.0,3749.3751041493083
893,64.0,1916.3472754540908
894,39.0,4165.9723379436755
895,41.0,
896,44.0,1874.6875520746541
897,54.0,41.659723379436755
898,37.0,4165.9723379436755
899,44.0,3541.0764872521245
900,57.0,1666.3889351774703
901,46.0,1487.2521246458923
902,37.0,1333.1111481419762
903,38.0,1833.0278286952173
904,46.0,2562.0729878353604
905,39.0,312.4479253457757
906,40.0,624.8958506915513
907,44.0,2916.180636560573
908,46.0,1458.0903182802865
909,41.0,2082.9861689718377
910,48.0,749.8750208298617
911,55.0,2291.2847858690216
912,45.0,1458.0903182802865
913,41.0,2166.3056157307115
914,29.0,1249.7917013831027
915,39.0,2416.263956007332
916,44.0,1458.0903182802865
917,41.0,1833.0278286952173
918,59.0,833.1944675887352
919,48.0,1874.6875520746541
920,33.0,2499.5834027662054
921,30.0,749.8750208298617
922,41.0,1441.4264289285118
923,46.0,2082.9861689718377
924,51.0,3749.3751041493083
925,25.0,312.4479253457757
926,37.0,2499.5834027662054
927,31.0,1249.7917013831027
928,39.0,499.9166805532411
929,28.0,1458.0903182802865
930,40.0,1249.7917013831027
931,41.0,2166.3056157307115
932,33.0,583.2361273121146
933,31.0,133.31111481419762
934,34.0,916.5139143476086
935,50.0,1833.0278286952173
936,45.0,1666.3889351774703
937,28.0,333.27778703549404
938,39.0,2499.5834027662054
939,72.0,833.1944675887352
940,32.0,999.8333611064822
941,47.0,1249.7917013831027
942,50.0,1249.7917013831027
943,58.0,229.12847858690216
944,26.0,1458.0903182802865
945,46.0,208.2986168971838
946,58.0,
947,34.0,283.28611898016993
948,50.0,1333.1111481419762
949,33.0,1374.770871521413
950,37.0,374.93751041493084
951,50.0,1874.6875520746541
952,40.0,
953,,541.5764039326779
954,27.0,249.95834027662056
955,35.0,3332.7778703549407
956,64.0,1874.6875520746541
957,41.0,2499.5834027662054
958,42.0,1958.0069988335276
959,29.0,301.6163972671221
960,32.0,1791.3681053157807
961,24.0,1458.0903182802865
962,30.0,1791.3681053157807
963,38.0,1874.6875520746541
964,36.0,2082.9861689718377
965,69.0,2916.180636560573
966,43.0,416.5972337943676
967,58.0,1749.7083819363438
968,39.0,95.81736377270454
969,28.0,2291.2847858690216
970,44.0,1541.40976503916
971,44.0,1583.0694884185968
972,52.0,2707.882019663389
973,27.0,1333.1111481419762
974,26.0,1749.7083819363438
975,47.0,2249.625062489585
976,44.0,1833.0278286952173
977,56.0,833.1944675887352
978,27.0,1041.4930844859189
979,55.0,6248.958506915514
980,53.0,2207.9653391101483
981,49.0,2582.902849525079
982,41.0,2082.9861689718377
983,48.0,2499.5834027662054
984,26.0,1666.3889351774703
985,41.0,2499.5834027662054
986,52.0,1541.40976503916
987,58.0,1874.6875520746541
988,58.0,1353.9410098316946
989,30.0,1166.4722546242292
990,39.0,208.2986168971838
991,,
992,41.0,2082.9861689718377
993,42.0,999.8333611064822
994,33.0,
995,37.0,2916.180636560573
996,47.0,2187.1354774204297
997,42.0,2499.5834027662054
998,53.0,1458.0903182802865
999,48.0,1083.1528078653557
1000,35.0,1458.0903182802865
1001,47.0,1666.3889351774703
1002,48.0,833.1944675887352
1003,39.0,916.5139143476086
1004,59.0,1624.7292117980335
1005,40.0,541.5764039326779
1006,51.0,416.5972337943676
1007,31.0,1708.0486585569072
1008,40.0,2916.180636560573
1009,25.0,583.2361273121146
1010,41.0,3332.7778703549407
1011,46.0,1541.40976503916
1012,63.0,1562.2396267288784
1013,40.0,1639.3934344275954
1014,26.0,166.63889351774702
1015,,1666.3889351774703
1016,47.0,1333.1111481419762
1017,41.0,
1018,43.0,158.30694884185968
1019,31.0,604.065989001833
1020,38.0,1666.3889351774703
1021,25.0,1395.6007332111315
1022,36.0,2024.6625562406264
1023,49.0,3541.0764872521245
1024,34.0,2082.9861689718377
1025,32.0,1458.0903182802865
1026,50.0,1791.3681053157807
1027,39.0,2082.9861689718377
1028,52.0,1333.1111481419762
1029,28.0,1333.1111481419762
1030,47.0,916.5139143476086
1031,39.0,3124.479253457757
1032,44.0,1373.9376770538242
1033,59.0,3332.7778703549407
1034,29.0,1478.920179970005
1035,30.0,1333.1111481419762
1036,47.0,2082.9861689718377
1037,28.0,1458.0903182802865
1038,59.0,2082.9861689718377
1039,33.0,2166.3056157307115
1040,50.0,
1041,58.0,1791.3681053157807
1042,32.0,1541.40976503916
1043,51.0,1624.7292117980335
1044,55.0,2707.882019663389
1045,38.0,1999.6667222129645
1046,31.0,1166.4722546242292
1047,67.0,2499.5834027662054
1048,44.0,2028.82852857857
1049,38.0,1749.7083819363438
1050,43.0,791.5347442092984
1051,44.0,1749.7083819363438
1052,32.0,1874.6875520746541
1053,64.0,
1054,53.0,
1055,47.0,1624.7292117980335
1056,,1874.6875520746541
1057,62.0,1999.6667222129645
1058,43.0,726.9621729711714
1059,45.0,1541.40976503916
1060,52.0,4165.9723379436755
1061,52.0,1495.5840693217797
1062,26.0,1420.5965672387936
1063,50.0,2707.882019663389
1064,37.0,1541.40976503916
1065,51.0,1583.0694884185968
1066,60.0,1524.7458756873853
1067,29.0,1628.8951841359772
1068,27.0,541.5764039326779
1069,63.0,666.5555740709881
1070,35.0,1999.6667222129645
1071,33.0,1688.1353107815364
1072,53.0,3749.3751041493083
1073,38.0,1583.0694884185968
1074,46.0,2166.3056157307115
1075,42.0,1749.7083819363438
1076,51.0,2082.9861689718377
1077,43.0,1749.7083819363438
1078,30.0,2291.2847858690216
1079,65.0,2291.2847858690216
1080,47.0,1874.6875520746541
1081,30.0,1249.7917013831027
1082,34.0,1624.7292117980335
1083,68.0,2082.9861689718377
1084,46.0,1833.0278286952173
1085,33.0,
1086,67.0,1749.7083819363438
1087,47.0,1874.6875520746541
1088,35.0,2249.625062489585
1089,30.0,2291.2847858690216
1090,43.0,
1091,45.0,1416.4305949008499
1092,52.0,
1093,59.0,2082.9861689718377
1094,57.0,83.31944675887351
1095,55.0,4165.9723379436755
1096,44.0,1458.0903182802865
1097,35.0,
1098,,
1099,46.0,1583.0694884185968
1100,40.0,749.8750208298617
1101,30.0,583.2361273121146
1102,53.0,2166.3056157307115
1103,50.0,3749.3751041493083
1104,38.0,2499.5834027662054
1105,52.0,1999.6667222129645
1106,45.0,
1107,45.0,
1108,57.0,3332.7778703549407
1109,50.0,2291.2847858690216
1110,39.0,4165.9723379436755
1111,40.0,4790.868188635227
1112,48.0,2003.8326945509082
1113,63.0,4165.9723379436755
1114,50.0,2707.882019663389
1115,,
1116,67.0,2707.882019663389
1117,52.0,1041.4930844859189
1118,39.0,1499.7500416597234
1119,63.0,
1120,35.0,916.5139143476086
1121,48.0,1249.7917013831027
1122,33.0,1458.0903182802865
1123,40.0,2166.3056157307115
1124,58.0,1041.4930844859189
1125,37.0,1874.6875520746541
1126,48.0,1499.7500416597234
1127,36.0,1458.0903182802865
1128,48.0,4582.569571738043
1129,40.0,1249.7917013831027
1130,30.0,1458.0903182802865
1131,49.0,2499.5834027662054
1132,51.0,3124.479253457757
1133,55.0,1249.7917013831027
1134,,1249.7917013831027
1135,43.0,2582.902849525079
1136,37.0,1458.0903182802865
1137,44.0,1666.3889351774703
1138,37.0,1666.3889351774703
1139,40.0,2916.180636560573
1140,46.0,3124.479253457757
1141,54.0,1458.0903182802865
1142,34.0,1541.40976503916
1143,38.0,2166.3056157307115
1144,58.0,1249.7917013831027
1145,35.0,1903.84935844026
1146,,
1147,45.0,2207.9653391101483
1148,50.0,2499.5834027662054
1149,47.0,2416.263956007332
1150,69.0,583.2361273121146
1151,65.0,2499.5834027662054
1152,56.0,2749.541743042826
1153,53.0,2041.3264455924011
1154,50.0,1583.0694884185968
1155,60.0,2874.520913181136
1156,30.0,2416.263956007332
1157,46.0,2082.9861689718377
1158,63.0,6040.65989001833
1159,40.0,2916.180636560573
1160,41.0,2082.9861689718377
1161,50.0,708.2152974504249
1162,29.0,291.6180636560573
1163,35.0,1583.0694884185968
1164,33.0,1791.3681053157807
1165,34.0,2082.9861689718377
1166,44.0,2707.882019663389
1167,39.0,583.2361273121146
1168,34.0,499.9166805532411
1169,45.0,2082.9861689718377
1170,60.0,3749.3751041493083
1171,28.0,1458.0903182802865
1172,46.0,2291.2847858690216
1173,56.0,4165.9723379436755
1174,40.0,2749.541743042826
1175,33.0,1416.4305949008499
1176,58.0,1916.3472754540908
1177,49.0,1749.7083819363438
1178,50.0,1874.6875520746541
1179,30.0,833.1944675887352
1180,44.0,2707.882019663389
1181,28.0,833.1944675887352
1182,61.0,1833.0278286952173
1183,43.0,1682.469588401933
1184,41.0,624.8958506915513
1185,31.0,1583.0694884185968
1186,29.0,999.8333611064822
1187,51.0,3749.3751041493083
1188,24.0,833.1944675887352
1189,50.0,1791.3681053157807
1190,41.0,1249.7917013831027
1191,46.0,1441.4264289285118
1192,35.0,1208.131978003666
1193,47.0,1249.7917013831027
1194,,3749.3751041493083
1195,58.0,2395.4340943176135
1196,43.0,4582.569571738043
1197,42.0,1624.7292117980335
1198,,1666.3889351774703
1199,44.0,2499.5834027662054
1200,41.0,3874.3542742876184
1201,57.0,1666.3889351774703
1202,49.0,
1203,48.0,1249.7917013831027
1204,44.0,1874.6875520746541
1205,50.0,1249.7917013831027
1206,38.0,1541.40976503916
1207,54.0,3332.7778703549407
1208,46.0,874.8541909681719
1209,49.0,1333.1111481419762
1210,45.0,1541.40976503916
1211,54.0,249.95834027662056
1212,41.0,583.2361273121146
1213,34.0,1749.7083819363438
1214,50.0,1458.0903182802865
1215,34.0,395.7673721046492
1216,40.0,416.5972337943676
1217,46.0,1583.0694884185968
1218,59.0,1749.7083819363438
1219,54.0,1624.7292117980335
1220,43.0,
1221,53.0,3332.7778703549407
1222,33.0,1666.3889351774703
1223,40.0,374.93751041493084
1224,52.0,999.8333611064822
1225,31.0,1708.0486585569072
1226,57.0,1083.1528078653557
1227,34.0,1541.40976503916
1228,50.0,
1229,56.0,1666.3889351774703
1230,44.0,1583.0694884185968
1231,43.0,1791.3681053157807
1232,26.0,1666.3889351774703
1233,45.0,1791.3681053157807
1234,38.0,874.8541909681719
1235,50.0,2499.5834027662054
1236,58.0,
1237,75.0,1666.3889351774703
1238,35.0,916.5139143476086
1239,40.0,2082.9861689718377
1240,49.0,
1241,37.0,916.5139143476086
1242,36.0,1249.7917013831027
1243,49.0,2041.3264455924011
1244,50.0,2916.180636560573
1245,42.0,5832.361273121146
1246,37.0,33327.778703549404
1247,29.0,1249.7917013831027
1248,42.0,1458.0903182802865
1249,46.0,2499.5834027662054
1250,37.0,2437.0938176970503
1251,34.0,1541.40976503916
1252,41.0,1666.3889351774703
1253,67.0,1166.4722546242292
1254,49.0,1395.6007332111315
1255,33.0,520.7465422429594
1256,36.0,3332.7778703549407
1257,43.0,4165.9723379436755
1258,52.0,2291.2847858690216
1259,30.0,104.1493084485919
1260,36.0,1791.3681053157807
1261,43.0,
1262,57.0,4165.9723379436755
1263,32.0,1666.3889351774703
1264,38.0,1846.650558240293
1265,64.0,2916.180636560573
1266,39.0,2299.616730544909
1267,38.0,
1268,39.0,374.93751041493084
1269,71.0,2832.8611898016998
1270,54.0,3332.7778703549407
1271,26.0,916.5139143476086
1272,29.0,1124.8125312447926
1273,49.0,2499.5834027662054
1274,41.0,1583.0694884185968
1275,,
1276,47.0,
1277,48.0,3541.0764872521245
1278,,1541.40976503916
1279,29.0,1249.7917013831027
1280,,499.9166805532411
1281,41.0,3332.7778703549407
1282,,
1283,46.0,2249.625062489585
1284,42.0,2916.180636560573
1285,27.0,1708.0486585569072
1286,49.0,1874.6875520746541
1287,28.0,2916.180636560573
1288,39.0,3124.479253457757
1289,40.0,833.1944675887352
1290,67.0,2707.882019663389
1291,39.0,3749.3751041493083
1292,,791.5347442092984
1293,44.0,2082.9861689718377
1294,39.0,1541.40976503916
1295,40.0,
1296,37.0,1708.0486585569072
1297,39.0,1666.3889351774703
1298,24.0,416.5972337943676
1299,45.0,1249.7917013831027
1300,44.0,791.5347442092984
1301,39.0,3999.333444425929
1302,32.0,2082.9861689718377
1303,41.0,1666.3889351774703
1304,57.0,2291.2847858690216
1305,35.0,1.6663889351774703
1306,84.0,708.2152974504249
1307,54.0,2082.9861689718377
1308,27.0,833.1944675887352
1309,49.0,1458.0903182802865
1310,53.0,2082.9861689718377
1311,42.0,374.93751041493084
1312,33.0,1583.0694884185968
1313,40.0,583.2361273121146
1314,49.0,1999.6667222129645
1315,30.0,249.95834027662056
1316,51.0,3124.479253457757
1317,42.0,1541.40976503916
1318,35.0,1333.1111481419762
1319,43.0,4040.9931678053654
1320,47.0,1541.40976503916
1321,48.0,6665.555740709881
1322,28.0,666.5555740709881
1323,42.0,1727.5870688218629
1324,28.0,1166.4722546242292
1325,70.0,1458.0903182802865
1326,49.0,2416.263956007332
1327,40.0,2707.882019663389
1328,48.0,3124.479253457757
1329,50.0,1666.3889351774703
1330,49.0,3749.3751041493083
1331,38.0,624.8958506915513
1332,37.0,391.6013997667055
1333,33.0,3041.159806698883
1334,45.0,1666.3889351774703
1335,29.0,1583.0694884185968
1336,36.0,1666.3889351774703
1337,54.0,1666.3889351774703
1338,50.0,3041.159806698883
1339,57.0,2207.9653391101483
1340,31.0,1333.1111481419762
1341,37.0,2166.3056157307115
1342,45.0,1374.770871521413
1343,51.0,1666.3889351774703
1344,37.0,
1345,31.0,1874.6875520746541
1346,67.0,
1347,46.0,2082.9861689718377
1348,53.0,624.8958506915513
1349,48.0,2499.5834027662054
1350,53.0,1791.3681053157807
1351,33.0,874.8541909681719
1352,57.0,5832.361273121146
1353,40.0,1041.4930844859189
1354,43.0,2624.562572904516
1355,32.0,770.70488251958
1356,35.0,1749.7083819363438
1357,51.0,3332.7778703549407
1358,31.0,3332.7778703549407
1359,46.0,1916.3472754540908
1360,50.0,1499.7500416597234
1361,43.0,
1362,47.0,2082.9861689718377
1363,38.0,1666.3889351774703
1364,49.0,1374.770871521413
1365,34.0,2082.9861689718377
1366,47.0,1458.0903182802865
1367,41.0,
1368,34.0,1666.3889351774703
1369,52.0,2499.5834027662054
1370,45.0,958.1736377270454
1371,45.0,1208.131978003666
1372,39.0,1728.8785202466254
1373,59.0,1619.521746375604
1374,32.0,1583.0694884185968
1375,37.0,833.1944675887352
1376,39.0,
1377,47.0,3124.479253457757
1378,43.0,1958.0069988335276
1379,42.0,1458.0903182802865
1380,46.0,3332.7778703549407
1381,48.0,10831.528078653557
1382,26.0,1791.3681053157807
1383,32.0,1999.6667222129645
1384,48.0,2082.9861689718377
1385,47.0,1958.0069988335276
1386,44.0,2916.180636560573
1387,37.0,1749.7083819363438
1388,40.0,1791.3681053157807
1389,38.0,145.80903182802865
1390,40.0,1874.6875520746541
1391,52.0,1666.3889351774703
1392,31.0,1770.5382436260622
1393,53.0,1249.7917013831027
1394,52.0,1499.7500416597234
1395,58.0,1499.7500416597234
1396,54.0,2082.9861689718377
1397,30.0,1458.0903182802865
1398,44.0,1583.0694884185968
1399,28.0,1124.8125312447926
1400,31.0,1458.0903182802865
1401,50.0,1666.3889351774703
1402,33.0,1499.7500416597234
1403,47.0,
1404,46.0,1041.4930844859189
1405,46.0,1958.0069988335276
1406,46.0,2082.9861689718377
1407,45.0,
1408,36.0,1666.3889351774703
1409,54.0,
1410,27.0,1124.8125312447926
1411,38.0,2082.9861689718377
1412,37.0,2041.3264455924011
1413,50.0,1874.6875520746541
1414,52.0,
1415,74.0,416.5972337943676
1416,30.0,1333.1111481419762
1417,44.0,1666.3889351774703
1418,40.0,2916.180636560573
1419,32.0,958.1736377270454
1420,46.0,1666.3889351774703
1421,41.0,1374.770871521413
1422,45.0,
1423,47.0,
1424,55.0,1249.7917013831027
1425,49.0,4582.569571738043
1426,41.0,1249.7917013831027
1427,44.0,1749.7083819363438
1428,44.0,1583.0694884185968
1429,35.0,1458.0903182802865
1430,48.0,1458.0903182802865
1431,39.0,1874.6875520746541
1432,43.0,1416.4305949008499
1433,59.0,2082.9861689718377
1434,64.0,1833.0278286952173
1435,59.0,2082.9861689718377
1436,41.0,
1437,44.0,2707.882019663389
1438,67.0,1666.3889351774703
1439,50.0,2520.413264455924
1440,42.0,1583.0694884185968
1441,37.0,1416.4305949008499
1442,44.0,1874.6875520746541
1443,42.0,1458.0903182802865
1444,49.0,1333.1111481419762
1445,41.0,1583.0694884185968
1446,47.0,1374.770871521413
1447,45.0,833.1944675887352
1448,37.0,1399.7667055490751
1449,39.0,1249.7917013831027
1450,45.0,2082.9861689718377
1451,50.0,958.1736377270454
1452,44.0,1541.40976503916
1453,61.0,
1454,53.0,2082.9861689718377
1455,38.0,833.1944675887352
1456,63.0,291.6180636560573
1457,50.0,2166.3056157307115
1458,72.0,
1459,,2916.180636560573
1460,48.0,3332.7778703549407
1461,42.0,2499.5834027662054
1462,49.0,104.1493084485919
1463,39.0,2707.882019663389
1464,43.0,1374.770871521413
1465,38.0,1333.1111481419762
1466,25.0,635.3107815364106
1467,42.0,2082.9861689718377
1468,48.0,1499.7500416597234
1469,59.0,1874.6875520746541
1470,34.0,666.5555740709881
1471,41.0,1083.1528078653557
1472,43.0,1666.3889351774703
1473,47.0,1374.770871521413
1474,53.0,1666.3889351774703
1475,42.0,1249.7917013831027
1476,33.0,1041.4930844859189
1477,49.0,1249.7917013831027
1478,60.0,832.319613397767
1479,57.0,1666.3889351774703
1480,70.0,1874.6875520746541
1481,32.0,1333.1111481419762
1482,46.0,1458.0903182802865
1483,40.0,1666.3889351774703
1484,24.0,666.5555740709881
1485,75.0,
1486,32.0,1333.1111481419762
1487,35.0,1666.3889351774703
1488,30.0,1208.131978003666
1489,40.0,2082.9861689718377
1490,32.0,1274.7875354107648
1491,39.0,1666.3889351774703
1492,,2082.9861689718377
1493,45.0,2582.902849525079
1494,40.0,1874.6875520746541
1495,36.0,1291.4514247625395
1496,39.0,1666.3889351774703
1497,40.0,1291.4514247625395
1498,32.0,999.8333611064822
1499,39.0,1583.0694884185968
1500,28.0,958.1736377270454
1501,40.0,1416.4305949008499
1502,48.0,833.1944675887352
1503,42.0,1249.7917013831027
1504,52.0,2291.2847858690216
1505,39.0,1666.3889351774703
1506,69.0,833.1944675887352
1507,34.0,1416.4305949008499
1508,46.0,1749.7083819363438
1509,45.0,1499.7500416597234
1510,57.0,2082.9861689718377
1511,40.0,1791.3681053157807
1512,29.0,1666.3889351774703
1513,50.0,2041.3264455924011
1514,,624.8958506915513
1775,48.0,1900.0
1776,64.0,3000.0
1777,47.0,6000.0
1778,35.0,2000.0
1779,50.0,3100.0
1780,47.0,
1781,51.0,1800.0
1782,64.0,
1783,37.0,5567.0
1784,58.0,
1785,56.0,
1786,45.0,70000.0
1787,58.0,
1788,35.0,
1789,43.0,5400.0
1790,48.0,
1791,59.0,
1792,40.0,5000.0
1793,43.0,70000.0
1794,44.0,5000.0
1795,41.0,5600.0
1796,40.0,71700.0
1797,44.0,5000.0
1798,54.0,4982.3
1799,49.0,5000.0
1800,41.0,
1801,33.0,6000.0
1802,65.0,
1803,59.0,10072.0
1804,63.0,5250.0
1805,43.0,
1806,64.0,
1807,58.0,7800.0
1808,60.0,
1809,46.0,6000.0
1810,41.0,4000.0
1811,36.0,6500.0
1812,61.0,
1813,35.0,6667.0
1814,44.0,1850.0
1815,,72000.0
1816,46.0,5000.0
1817,42.0,
1818,59.0,
1819,49.0,
1820,40.0,6000.0
1821,56.0,6000.0
1822,51.0,
1823,46.0,12000.0
1824,47.0,3800.0
1825,44.0,
1826,46.0,5500.0
1827,44.0,6650.0
1828,48.0,80000.0
1829,54.0,6500.0
1830,53.0,7000.0
1831,50.0,0.0
1832,48.0,6500.0
1833,49.0,6500.0
1834,44.0,6000.0
1835,47.0,
1836,47.0,2700.0
1837,45.0,9000.0
1838,38.0,5800.0
1839,42.0,
1840,52.0,6000.0
1841,51.0,6500.0
1842,43.0,5400.0
1843,68.0,4000.0
1844,38.0,12000.0
1845,38.0,5000.0
1846,55.0,
1847,43.0,5545.5
1848,52.0,3200.0
1849,49.0,4500.0
1850,45.0,4600.0
1851,45.0,6200.0
1852,54.0,5000.0
1853,53.0,8000.0
1854,39.0,5750.0
1855,43.0,10500.0
1856,46.0,5698.0
1857,57.0,6653.0
1858,57.0,
1859,60.0,120000.0
1860,60.0,7500.0
1861,53.0,
1862,64.0,4000.0
1863,59.0,11000.0
1864,58.0,10000.0
1865,56.0,3500.0
1866,62.0,
1867,63.0,
1868,53.0,7600.0
1869,61.0,7200.0
1870,62.0,85000.0
1871,65.0,5500.0
1872,63.0,
1873,62.0,14500.0
1874,62.0,7000.0
1875,67.0,4000.0
1876,55.0,9800.0
1877,56.0,7000.0
1878,66.0,7000.0
1879,62.0,8700.0
1880,62.0,8800.0
1881,56.0,
1882,45.0,7000.0
1883,65.0,
1884,61.0,4000.0
1885,51.0,9000.0
1886,61.0,4000.0
1887,65.0,6666.0
1888,53.0,6500.0
1889,56.0,7000.0
1890,32.0,4016.0
1891,43.0,2000.0
1892,36.0,5680.65
1893,33.0,8000.0
1894,47.0,7200.0
1895,45.0,
1896,30.0,4336.78
1897,51.0,6000.0
1898,48.0,8100.0
1899,42.0,3200.0
1900,40.0,7900.0
1901,45.0,4000.0
1902,55.0,6500.0
1903,58.0,5000.0
1904,47.0,60000.0
1905,49.0,5600.0
1906,52.0,6000.0
1907,42.0,
1908,59.0,8000.0
1909,57.0,7700.0
1910,62.0,
1911,63.0,4900.0
1912,44.0,2400.0
1913,50.0,6300.0
1914,50.0,4500.0
1915,57.0,7900.0
1916,38.0,3260.0
1917,23.0,1200.0
1918,36.0,2750.0
1919,33.0,5800.0
1920,40.0,5000.0
1921,49.0,12980.0
1922,29.0,45500.0
1923,72.0,
1924,43.0,3500.0
1925,43.0,2000.0
1926,,
1927,47.0,530.0
1928,47.0,1300.0
1929,60.0,3250.0
1930,50.0,2150.0
1931,55.0,1600.0
1932,41.0,14000.0
1933,44.0,75.0
1934,62.0,
1935,39.0,800.0
1936,51.0,1900.0
1937,41.0,1200.0
1938,50.0,458.0
1939,52.0,700.0
1940,43.0,400.0
1941,48.0,1050.0
1942,53.0,700.0
1943,57.0,800.0
1944,50.0,4500.0
1945,51.0,
1946,33.0,2800.0
1947,69.0,315.0
1948,56.0,570.0
1949,41.0,1200.0
1950,29.0,4600.0
1951,70.0,800.0
1952,65.0,930.0
1953,49.0,1300.0
1954,51.0,3300.0
1955,37.0,6284.83
1956,43.0,2200.0
1957,58.0,3000.0
1958,67.0,700.0
1959,61.0,200.0
1960,57.0,1100.0
1961,34.0,4800.0
1962,36.0,6000.0
1963,42.0,1794.96
1964,53.0,
1965,33.0,4000.0
1966,34.0,3600.0
1967,34.0,4500.0
1968,50.0,2500.0
1969,44.0,1250.0
1970,49.0,1900.0
1971,34.0,4000.0
1972,37.0,
1973,58.0,1000.0
1974,62.0,500.0
1975,32.0,2400.0
1976,54.0,1000.0
1977,60.0,3500.0
1978,38.0,
1979,27.0,750.0
1980,,
1981,50.0,2700.0
1982,29.0,2050.0
1983,48.0,5000.0
1984,53.0,1100.0
1985,31.0,
1986,42.0,1750.0
1987,33.0,2200.0
1988,49.0,1200.0
1989,59.0,1200.0
1990,36.0,5493.83
1991,39.0,4500.0
1992,38.0,4300.0
1993,61.0,460.0
1994,42.0,4500.0
1995,50.0,4000.0
1996,62.0,90000.0
1997,49.0,6000.0
1998,62.0,7500.0
1999,57.0,5500.0
2000,57.0,90000.0
2001,58.0,8900.0
2002,47.0,3700.0
2003,54.0,3000.0
2004,39.0,5000.0
2005,45.0,5300.0
2006,53.0,6000.0
2007,45.0,4500.0
2008,52.0,5800.0
2009,54.0,3000.0
2010,52.0,
2011,45.0,50000.0
2012,57.0,1200.0
2013,45.0,4000.0
2014,41.0,
2015,34.0,4000.0
2016,42.0,3500.0
2017,44.0,5000.0
2018,40.0,
2019,55.0,5000.0
2020,45.0,2900.0
2021,44.0,4000.0
2022,39.0,
2023,49.0,8200.0
2024,55.0,
2025,50.0,5000.0
2026,47.0,1300.0
2027,58.0,6000.0
2028,33.0,3800.0
2029,51.0,6900.0
2030,56.0,6000.0
2031,29.0,3500.0
2032,42.0,
2033,61.0,8000.0
2034,33.0,4200.0
2035,51.0,4670.0
2036,51.0,
2037,56.0,
2038,53.0,100000.0
2039,40.0,4600.0
2040,35.0,6000.0
2041,39.0,2700.0
2042,37.0,
2043,41.0,3600.0
2044,49.0,4100.0
2045,36.0,
2046,64.0,7000.0
2047,42.0,5400.0
2048,44.0,65000.0
2049,35.0,2500.0
2050,46.0,6000.0
2051,60.0,3500.0
2052,51.0,
2053,60.0,85000.0
2054,54.0,6500.0
2055,50.0,90000.0
2056,63.0,84000.0
2057,59.0,8760.0
2058,,7000.0
2059,55.0,5500.0
2060,52.0,6600.0
2061,56.0,5500.0
2062,31.0,
2063,54.0,
2064,61.0,6000.0
2065,32.0,
2066,24.0,3200.0
2067,28.0,2709.0
2068,40.0,6000.0
2069,39.0,1750.0
2070,28.0,2453.0
2071,43.0,9000.0
2072,45.0,2500.0
2073,33.0,4000.0
2074,52.0,4359.0
2075,38.0,4351.9
2076,54.0,4000.0
2077,29.0,1630.0
2078,42.0,3263.9
2079,56.0,4200.0
2080,52.0,2913.0
2081,63.0,2500.0
2082,33.0,1750.0
2083,55.0,2110.81
2084,57.0,51600.0
2085,63.0,1600.0
2086,30.0,1887.02
2087,41.0,4500.0
2088,28.0,2000.0
2089,41.0,5016.0
2090,43.0,2249.0
2091,56.0,4500.0
2092,48.0,3400.0
2093,48.0,4300.0
2094,45.0,1650.0
2095,52.0,4100.0
2096,48.0,
2097,45.0,4831.67
2098,28.0,2683.0
2099,36.0,3626.0
2100,61.0,4500.0
2101,54.0,50000.0
2102,29.0,1280.0
2103,64.0,
2104,41.0,18080.0
2105,37.0,
2106,37.0,5077.22
2107,43.0,4300.0
2108,53.0,70000.0
2109,49.0,4700.0
2110,35.0,3700.0
2111,32.0,5077.0
2112,57.0,
2113,48.0,4500.0
2114,44.0,5000.0
2115,32.0,700.0
2116,46.0,4000.0
2117,53.0,5000.0
2118,44.0,
2119,33.0,5000.0
2120,51.0,3800.0
2121,59.0,3500.0
2122,38.0,2800.0
2123,58.0,
2124,43.0,3800.0
2125,50.0,4200.0
2126,41.0,2500.0
2127,39.0,
2128,40.0,2700.0
2129,60.0,
2130,38.0,4600.0
2131,47.0,5000.0
2132,51.0,4300.0
2133,40.0,5000.0
2134,60.0,2867.0
2135,46.0,4300.0
2136,35.0,5077.0
2137,41.0,1900.0
2138,44.0,2500.0
2139,33.0,4285.0
2140,55.0,1618.9
2141,47.0,3000.0
2142,37.0,4500.0
2143,54.0,3966.0
2144,42.0,
2145,57.0,3000.0
2146,49.0,1750.0
2147,35.0,3700.0
2148,38.0,
2149,46.0,1800.0
2150,60.0,5500.0
2151,41.0,2350.0
2152,44.0,4455.0
2153,48.0,
2154,52.0,
2155,45.0,
2156,48.0,6000.0
2157,38.0,4000.0
2158,41.0,2800.0
2159,41.0,
2160,43.0,
2161,63.0,
2162,59.0,
2163,34.0,
2164,39.0,4729.0
2165,60.0,
2166,46.0,3500.0
2167,45.0,5054.0
2168,56.0,3300.0
2169,52.0,1900.0
2170,43.0,
2171,49.0,4800.0
2172,60.0,6008.0
2173,59.0,1860.0
2174,51.0,
2175,42.0,3500.0
2176,42.0,3500.0
2177,51.0,5600.0
2178,54.0,5000.0
2179,51.0,
2180,40.0,4530.0
2181,39.0,
2182,41.0,
2183,34.0,3000.0
2184,56.0,5500.0
2185,42.0,
2186,44.0,2093.0
2187,42.0,3600.0
2188,55.0,
2189,41.0,5700.0
2190,34.0,5600.0
2191,30.0,
2192,48.0,6000.0
2193,33.0,4000.0
2194,47.0,5610.0
2195,36.0,2000.0
2196,40.0,2800.0
2197,37.0,4300.0
2198,52.0,4800.0
2199,47.0,3000.0
2200,57.0,
2201,54.0,5500.0
2202,43.0,3600.0
2203,38.0,4800.0
2204,26.0,450.0
2205,25.0,1025.0
2206,26.0,540.0
2207,27.0,595.0
2208,26.0,475.0
2209,20.0,1100.0
2210,24.0,950.0
2211,32.0,550.0
2212,51.0,3000.0
2213,52.0,3000.0
2214,38.0,1800.0
2215,45.0,7000.0
2216,36.0,4500.0
2217,44.0,3000.0
2218,31.0,4900.0
2219,56.0,5000.0
2220,45.0,
2221,36.0,6416.0
2222,34.0,5000.0
2223,31.0,44000.0
2224,39.0,
2225,37.0,5434.0
2226,55.0,5568.15
2227,34.0,5000.0
2228,52.0,5510.0
2229,37.0,4500.0
2230,36.0,2000.0
2231,29.0,4500.0
2232,39.0,2850.0
2233,33.0,5000.0
2234,38.0,4000.0
2235,41.0,3300.0
2236,52.0,6400.0
2237,36.0,1633.0
2238,39.0,4000.0
2239,35.0,5000.0
2240,30.0,5000.0
2241,35.0,8000.0
2242,40.0,3700.0
2243,39.0,5000.0
2244,33.0,
2245,45.0,5000.0
2246,50.0,65000.0
2247,33.0,5000.0
2248,40.0,69000.0
2249,37.0,
2250,46.0,5000.0
2251,38.0,4351.0
2252,29.0,3277.0
2253,29.0,4351.9
2254,39.0,3040.0
2255,33.0,5077.0
2256,33.0,5000.0
2257,40.0,5800.0
2258,36.0,7400.0
2259,33.0,4350.0
2260,48.0,
2261,57.0,4666.0
2262,33.0,5000.0
2263,34.0,3549.0
2264,56.0,
2265,49.0,4800.0
2266,39.0,4700.0
2267,31.0,2600.0
2268,34.0,5000.0
2269,41.0,
2270,37.0,41000.0
2271,39.0,5000.0
2272,32.0,4700.0
2273,30.0,2450.0
2274,39.0,1950.0
2275,46.0,
2276,36.0,58000.0
2277,43.0,5000.0
2278,34.0,2300.0
2279,42.0,
2280,38.0,
2281,32.0,4300.0
2282,30.0,5000.0
2283,35.0,4700.0
2284,40.0,3900.0
2285,30.0,4100.0
2286,52.0,4500.0
2287,33.0,3500.0
2288,42.0,5200.0
2289,50.0,5600.0
2290,29.0,4350.0
2291,47.0,3000.0
2292,34.0,4300.0
2293,30.0,5100.0
2294,34.0,28000.0
2295,31.0,4400.0
2296,69.0,500.0
2297,33.0,4111.7
2298,36.0,
2299,40.0,5200.0
2300,39.0,5100.0
2301,38.0,920.0
2302,30.0,2538.0
2303,30.0,60000.0
2304,32.0,4200.0
2305,41.0,4500.0
2306,48.0,3000.0
2307,36.0,4350.0
2308,57.0,37000.0
2309,29.0,4351.9
2310,39.0,3262.0
2311,27.0,4352.0
2312,36.0,4900.0
2313,29.0,4729.0
2314,33.0,5077.0
2315,41.0,5000.0
2316,42.0,3300.0
2317,31.0,5000.0
2318,31.0,4350.0
2319,40.0,
2320,33.0,5076.0
2321,39.0,4000.0
2322,38.0,3340.0
2323,37.0,4061.0
2324,41.0,3800.0
2325,34.0,4351.9
2326,33.0,4200.0
2327,28.0,4351.9
2328,42.0,
2329,31.0,4000.0
2330,35.0,7600.0
2331,36.0,2800.0
2332,41.0,
2333,36.0,3235.0
2334,36.0,5124.0
2335,41.0,
2336,33.0,4700.0
2337,43.0,3500.0
2338,,4000.0
2339,40.0,
2340,37.0,
2341,31.0,3600.0
2342,33.0,4448.0
2343,42.0,4351.9
2344,33.0,5500.0
2345,32.0,4351.9
2346,31.0,2566.0
2347,34.0,4530.0
2348,36.0,3500.0
2349,35.0,2000.0
2350,30.0,2900.0
2351,39.0,2200.0
2352,26.0,3700.0
2353,29.0,2457.98
2354,39.0,1350.0
2355,40.0,2400.0
2356,29.0,
2357,29.0,2300.0
2358,26.0,3025.0
2359,33.0,2913.0
2360,25.0,2700.0
2361,43.0,2500.0
2362,33.0,2850.0
2363,38.0,2100.0
2364,31.0,2458.0
2365,28.0,
2366,25.0,3820.0
2367,34.0,
2368,43.0,350.0
2369,28.0,55000.0
2370,29.0,50000.0
2371,30.0,4500.0
2372,29.0,3700.0
2373,28.0,4149.82
2374,33.0,2867.64
2375,31.0,2866.0
2376,37.0,3000.0
2377,26.0,2860.0
2378,28.0,3700.0
2379,54.0,
2380,35.0,3600.0
2381,32.0,2333.0
2382,24.0,1100.0
2383,29.0,3850.0
2384,35.0,3400.0
2385,33.0,3400.0
2386,31.0,3350.0
2387,35.0,2900.0
2388,34.0,4433.0
2389,27.0,2868.0
2390,39.0,
2391,26.0,2867.6
2392,26.0,2400.0
2393,30.0,1638.7
2394,25.0,2860.0
2395,31.0,
2396,28.0,2900.0
2397,27.0,34400.0
2398,35.0,11000.0
2399,37.0,3400.0
2400,29.0,3950.0
2401,30.0,
2402,33.0,8500.0
2403,28.0,2400.0
2404,31.0,3700.0
2405,25.0,2800.0
2406,33.0,
2407,28.0,3000.0
2408,28.0,
2409,30.0,2800.0
2410,31.0,
2411,27.0,2867.0
2412,32.0,3000.0
2413,27.0,3100.0
2414,28.0,2500.0
2415,31.0,
2416,28.0,1700.0
2417,31.0,2500.0
2418,27.0,2500.0
2419,27.0,1800.0
2420,27.0,3500.0
2421,30.0,2300.0
2422,25.0,3600.0
2423,38.0,3440.0
2424,37.0,3400.0
2425,30.0,2868.0
2426,27.0,2400.0
2427,37.0,2676.0
2428,29.0,3375.0
2429,34.0,4532.0
2430,27.0,1600.0
2431,29.0,
2432,26.0,2500.0
2433,30.0,2300.0
2434,32.0,2913.9
2435,30.0,42000.0
2436,29.0,2200.0
2437,25.0,2500.0
2438,32.0,3350.0
2439,33.0,2900.0
2440,28.0,3500.0
2441,33.0,2900.0
2442,32.0,4532.0
2443,28.0,2867.0
2444,30.0,2900.0
2445,30.0,2400.0
2446,34.0,1600.0
2447,28.0,3800.0
2448,30.0,34000.0
2449,27.0,2400.0
2450,26.0,2867.64
2451,34.0,2300.0
2452,28.0,2500.0
2453,36.0,2400.0
2454,26.0,2650.0
2455,33.0,3380.0
2456,38.0,
2457,33.0,2900.0
2458,29.0,4200.0
2459,,2868.0
2460,33.0,2800.0
2461,30.0,25000.0
2462,29.0,2200.0
2463,30.0,4369.0
2464,29.0,2800.0
2465,24.0,694.0
2466,32.0,3600.0
2467,26.0,2883.91
2468,31.0,3277.3
2469,31.0,3500.0
2470,29.0,1700.0
2471,33.0,
2472,39.0,2600.0
2473,31.0,3000.0
2474,29.0,2200.0
2475,38.0,2913.9
2476,32.0,
2477,27.0,2900.0
2478,25.0,1800.0
2479,33.0,2867.0
2480,31.0,2450.0
2481,31.0,2868.0
2482,30.0,3000.0
2483,36.0,4500.0
2484,30.0,2500.0
2485,48.0,2478.0
2486,29.0,2600.0
2487,30.0,1942.6
2488,35.0,1800.0
2489,46.0,10000.0
2490,49.0,5000.0
2491,67.0,120000.0
2492,52.0,6000.0
2493,58.0,6500.0
2494,46.0,
2495,50.0,4500.0
2496,46.0,7000.0
2497,65.0,600.0
2498,51.0,6000.0
2499,55.0,10800.0
2500,,130000.0
2501,55.0,10000.0
2502,47.0,7562.0
2503,64.0,13700.0
2504,46.0,4500.0
2505,60.0,8000.0
2506,59.0,7000.0
2507,52.0,8000.0
2508,62.0,8000.0
2509,47.0,7125.0
2510,84.0,
2511,63.0,
2512,64.0,
2513,58.0,
2514,44.0,
2515,57.0,8000.0
2516,72.0,
2517,39.0,4000.0
2518,41.0,7500.0
2519,44.0,62000.0
2520,49.0,8000.0
2521,53.0,
2522,40.0,6600.0
2523,56.0,
2524,45.0,7000.0
2525,31.0,1473.2
2526,46.0,7000.0
2527,46.0,5400.0
2528,62.0,70000.0
2529,61.0,5000.0
2530,63.0,35000.0
2531,54.0,3200.0
2532,65.0,3500.0
2533,49.0,12000.0
2534,63.0,18000.0
2535,61.0,85000.0
2536,58.0,4000.0
2537,55.0,
2538,56.0,9000.0
2539,58.0,130000.0
2540,47.0,4800.0
2541,52.0,4800.0
2542,66.0,50.0
2543,58.0,10000.0
2544,63.0,
2545,,3500.0
2546,42.0,3800.0
2547,62.0,14000.0
2548,70.0,10000.0
2549,44.0,8000.0
2550,54.0,
2551,37.0,9000.0
2552,61.0,
2553,50.0,5200.0
2554,50.0,8000.0
2555,42.0,
2556,63.0,9000.0
2557,60.0,7500.0
2558,48.0,300.0
2559,62.0,6000.0
2560,56.0,120000.0
2561,64.0,6900.0
2562,45.0,7000.0
2563,40.0,110000.0
2564,57.0,7500.0
2565,43.0,7100.0
2566,46.0,
2567,64.0,9000.0
2568,64.0,5000.0
2569,63.0,7000.0
2570,51.0,7000.0
2571,62.0,
2572,47.0,6000.0
2573,59.0,6000.0
2574,55.0,7000.0
2575,53.0,7000.0
2576,44.0,8300.0
2577,58.0,
2578,44.0,8000.0
2579,62.0,9000.0
2580,64.0,
2581,63.0,8700.0
2582,54.0,6000.0
2583,46.0,7350.0
2584,58.0,100000.0
2585,46.0,7000.0
2586,61.0,8000.0
2587,57.0,10900.0
2588,69.0,
2589,42.0,5000.0
2590,58.0,4350.0
2591,39.0,2700.0
2592,54.0,4000.0
2593,30.0,3400.0
2594,47.0,2700.0
2595,47.0,2200.0
2596,28.0,3750.0
2597,39.0,4600.0
2598,44.0,4800.0
2599,45.0,
2600,43.0,4500.0
2601,44.0,3200.0
2602,38.0,2400.0
2603,36.0,2400.0
2604,35.0,4000.0
2605,36.0,10000.0
2606,56.0,5100.0
2607,40.0,1940.0
2608,25.0,580.0
2609,29.0,3824.0
2610,28.0,3800.0
2611,29.0,5000.0
2612,33.0,3200.0
2613,55.0,4849.0
2614,35.0,4800.0
2615,29.0,4940.13
2616,42.0,
2617,28.0,3800.0
2618,26.0,2700.0
2619,41.0,2300.0
2620,26.0,2867.66
2621,36.0,4532.0
2622,34.0,2500.0
2623,58.0,3500.0
2624,25.0,2400.0
2625,32.0,41500.0
2626,28.0,3800.0
2627,26.0,2913.9
2628,40.0,3600.0
2629,27.0,3964.535833
2630,37.0,3700.0
2631,35.0,4900.0
2632,32.0,2800.0
2633,28.0,4083.0
2634,29.0,2900.0
2635,32.0,
2636,29.0,3850.0
2637,32.0,2800.0
2638,46.0,3000.0
2639,38.0,42600.0
2640,54.0,2700.0
2641,35.0,4450.0
2642,32.0,1540.0
2643,58.0,2200.0
2644,31.0,2400.0
2645,32.0,2875.0
2646,33.0,1700.0
2647,35.0,2800.0
2648,28.0,1100.0
2649,37.0,3575.28
2650,26.0,1700.0
2651,39.0,5000.0
2652,23.0,700.0
2653,35.0,4300.0
2654,25.0,2880.0
2655,31.0,1300.0
2656,43.0,3531.0
2657,57.0,4700.0
2658,27.0,800.0
2659,28.0,2400.0
2660,30.0,1250.0
2661,57.0,
2662,25.0,200.0
2663,25.0,3500.0
2664,35.0,45000.0
2665,42.0,1300.0
2666,35.0,2600.0
2667,26.0,
2668,48.0,3270.0
2669,55.0,4750.0
2670,30.0,2200.0
2671,43.0,5000.0
2672,35.0,3300.0
2673,38.0,5702.0
2674,31.0,2700.0
2675,30.0,
2676,26.0,600.0
2677,,2785.7
2678,32.0,1900.0
2679,47.0,
2680,22.0,1388.45
2681,43.0,1200.0
2682,25.0,1225.0
2683,25.0,1350.0
2684,35.0,2380.0
2685,32.0,3600.0
2686,,2000.0
2687,30.0,2200.0
2688,27.0,1600.0
2689,30.0,3500.0
2690,46.0,2230.0
2691,33.0,2823.0
2692,36.0,2300.0
2693,31.0,3700.0
2694,24.0,1190.1
2695,29.0,1500.0
2696,29.0,2600.0
2697,32.0,54000.0
2698,28.0,2000.0
2699,44.0,3800.0
2700,26.0,3200.0
2701,27.0,2800.0
2702,41.0,4773.0
2703,32.0,4000.0
2704,28.0,3000.0
2705,23.0,626.14
2706,28.0,2400.0
2707,30.0,1320.0
2708,27.0,3583.0
2709,22.0,500.0
2710,54.0,
2711,32.0,3000.0
2712,43.0,
2713,23.0,740.0
2714,39.0,3800.0
2715,30.0,2300.0
2716,25.0,700.0
2717,38.0,1100.0
2718,23.0,950.0
2719,28.0,9000.0
2720,43.0,
2721,40.0,2630.0
2722,33.0,2700.0
2723,24.0,2700.0
2724,39.0,
2725,36.0,3100.0
2726,43.0,4700.0
2727,39.0,2700.0
2728,36.0,5100.0
2729,27.0,2780.0
2730,58.0,5000.0
2731,47.0,
2732,27.0,200.0
2733,47.0,10000.0
2734,36.0,42000.0
2735,31.0,2300.0
2736,38.0,4000.0
2737,31.0,
2738,52.0,2500.0
2739,29.0,3700.0
2740,48.0,
2741,40.0,4500.0
2742,24.0,500.0
2743,27.0,2457.975
2744,80.0,
2745,27.0,2868.0
2746,28.0,2100.0
2747,31.0,2240.0
